insert into customer (id, name, country, address, phone) values (1, 'Ora O''Gleasane', 'China', '23843 Harper Road', '(873) 5575762');
insert into customer (id, name, country, address, phone) values (2, 'Cathy MacCardle', 'Russia', '5882 Ronald Regan Place', '(712) 3855653');
insert into customer (id, name, country, address, phone) values (3, 'Haily Stoaks', 'Colombia', '50 Merchant Parkway', '(347) 9324463');
insert into customer (id, name, country, address, phone) values (4, 'Byran Bernocchi', 'China', '7 Mcguire Parkway', '(444) 8942332');
insert into customer (id, name, country, address, phone) values (5, 'Heinrik Oxx', 'United Arab Emirates', '9100 Stephen Plaza', '(674) 7799487');
insert into customer (id, name, country, address, phone) values (6, 'Caroljean Jurkiewicz', 'Poland', '82722 Grasskamp Road', '(782) 9066298');
insert into customer (id, name, country, address, phone) values (7, 'Derward Whiteman', 'China', '8 Susan Parkway', '(108) 6892878');
insert into customer (id, name, country, address, phone) values (8, 'Brandi Barz', 'Peru', '5490 Messerschmidt Street', '(438) 3906622');
insert into customer (id, name, country, address, phone) values (9, 'Lynnea Ferras', 'Thailand', '47480 Graceland Court', '(406) 8520844');
insert into customer (id, name, country, address, phone) values (10, 'Neysa Jaram', 'Czech Republic', '17548 Rigney Drive', '(534) 1365298');
insert into customer (id, name, country, address, phone) values (11, 'Tate Tretwell', 'Russia', '0378 Warner Trail', '(294) 2569797');
insert into customer (id, name, country, address, phone) values (12, 'Dix Laity', 'Aland Islands', '409 Service Avenue', '(990) 1762442');
insert into customer (id, name, country, address, phone) values (13, 'Godfree Scholtz', 'China', '747 Golf View Trail', '(193) 6379916');
insert into customer (id, name, country, address, phone) values (14, 'Doreen Wybourne', 'Russia', '1 Lakewood Gardens Hill', '(571) 5880554');
insert into customer (id, name, country, address, phone) values (15, 'Elaine McKeevers', 'China', '25 Anthes Pass', '(638) 7718889');
insert into customer (id, name, country, address, phone) values (16, 'Erena Kyrkeman', 'Nicaragua', '8526 6th Pass', '(701) 9674745');
insert into customer (id, name, country, address, phone) values (17, 'Shelden O''Flannery', 'Costa Rica', '5 Blaine Junction', '(344) 7773568');
insert into customer (id, name, country, address, phone) values (18, 'Guinna Deshorts', 'Guatemala', '616 Village Pass', '(891) 2056818');
insert into customer (id, name, country, address, phone) values (19, 'Jamie O''Hartnedy', 'Nigeria', '506 Hovde Hill', '(888) 4125274');
insert into customer (id, name, country, address, phone) values (20, 'Shannon Ruddell', 'Portugal', '0791 Beilfuss Street', '(967) 9497687');
insert into customer (id, name, country, address, phone) values (21, 'Nikola O''Lenane', 'South Africa', '04814 Raven Drive', '(771) 4318272');
insert into customer (id, name, country, address, phone) values (22, 'Roze Stribling', 'Portugal', '77097 Scofield Avenue', '(618) 6839902');
insert into customer (id, name, country, address, phone) values (23, 'Cecil Lere', 'China', '09086 Nelson Park', '(169) 9714851');
insert into customer (id, name, country, address, phone) values (24, 'Max MacMenamin', 'Macedonia', '01 Westerfield Hill', '(812) 4698632');
insert into customer (id, name, country, address, phone) values (25, 'Brady Ollivier', 'Sweden', '5 Melvin Avenue', '(858) 7442506');
insert into customer (id, name, country, address, phone) values (26, 'Rusty Larder', 'Indonesia', '8167 Hauk Hill', '(994) 6422436');
insert into customer (id, name, country, address, phone) values (27, 'Angel Collick', 'Russia', '8291 Nevada Circle', '(938) 7109087');
insert into customer (id, name, country, address, phone) values (28, 'Farrand Vanin', 'China', '372 Pennsylvania Point', '(207) 9987622');
insert into customer (id, name, country, address, phone) values (29, 'Consolata Widdecombe', 'Philippines', '78403 Granby Pass', '(981) 6063140');
insert into customer (id, name, country, address, phone) values (30, 'Coretta Ceely', 'Sweden', '87891 Evergreen Place', '(148) 5669616');
insert into customer (id, name, country, address, phone) values (31, 'Hayward McNeigh', 'Indonesia', '45 Sunfield Lane', '(762) 9119755');
insert into customer (id, name, country, address, phone) values (32, 'Seymour Gaudon', 'China', '89344 Algoma Place', '(260) 9349495');
insert into customer (id, name, country, address, phone) values (33, 'Jerrold Clemenzi', 'China', '98 Moland Way', '(571) 1396080');
insert into customer (id, name, country, address, phone) values (34, 'Rhodie Nickoles', 'Malaysia', '6 Continental Lane', '(851) 3335390');
insert into customer (id, name, country, address, phone) values (35, 'Oren Jeyness', 'Cuba', '727 Bonner Crossing', '(562) 1660563');
insert into customer (id, name, country, address, phone) values (36, 'Cordula Udie', 'China', '3 Ronald Regan Place', '(649) 9567298');
insert into customer (id, name, country, address, phone) values (37, 'April Diggles', 'China', '3973 Melrose Hill', '(576) 9297217');
insert into customer (id, name, country, address, phone) values (38, 'Doloritas Glyssanne', 'Brazil', '94800 Melvin Street', '(659) 6377390');
insert into customer (id, name, country, address, phone) values (39, 'Catlee Rudge', 'Estonia', '4126 Chinook Court', '(853) 2388685');
insert into customer (id, name, country, address, phone) values (40, 'Cindie Fealey', 'Belize', '917 Alpine Plaza', '(286) 4255440');
insert into customer (id, name, country, address, phone) values (41, 'Kass Foreman', 'Paraguay', '1488 Jenna Place', '(241) 7523402');
insert into customer (id, name, country, address, phone) values (42, 'Evie Croley', 'Philippines', '69 Hansons Court', '(660) 3811758');
insert into customer (id, name, country, address, phone) values (43, 'Bink Gheorghie', 'Canada', '44 Cordelia Street', '(373) 3824003');
insert into customer (id, name, country, address, phone) values (44, 'Arielle Milksop', 'United States', '700 Thackeray Center', '(646) 1950392');
insert into customer (id, name, country, address, phone) values (45, 'Lindy Cotter', 'China', '174 Johnson Junction', '(474) 3734002');
insert into customer (id, name, country, address, phone) values (46, 'Tallie Hawkin', 'Jamaica', '92341 Cascade Avenue', '(313) 8942833');
insert into customer (id, name, country, address, phone) values (47, 'Zonda Braga', 'Philippines', '25 Maywood Crossing', '(686) 3313350');
insert into customer (id, name, country, address, phone) values (48, 'Jaquith Polkinhorn', 'Colombia', '19 Hansons Alley', '(121) 1576123');
insert into customer (id, name, country, address, phone) values (49, 'Alfonse Neild', 'China', '5605 Sycamore Plaza', '(910) 6711697');
insert into customer (id, name, country, address, phone) values (50, 'Alethea Phidgin', 'China', '416 Gina Center', '(653) 3992022');

insert into my_order (id, date, customer_id) values (1, '2020-07-28', 34);
insert into my_order (id, date, customer_id) values (2, '2020-07-28', 33);
insert into my_order (id, date, customer_id) values (3, '2015-09-25', 11);
insert into my_order (id, date, customer_id) values (4, '2020-06-10', 28);
insert into my_order (id, date, customer_id) values (5, '2020-09-29', 8);
insert into my_order (id, date, customer_id) values (6, '2020-12-05', 1);
insert into my_order (id, date, customer_id) values (7, '2020-10-23', 41);
insert into my_order (id, date, customer_id) values (8, '2020-12-04', 12);
insert into my_order (id, date, customer_id) values (9, '2014-11-07', 30);
insert into my_order (id, date, customer_id) values (10, '2020-03-28', 48);
insert into my_order (id, date, customer_id) values (11, '2021-02-01', 9);
insert into my_order (id, date, customer_id) values (12, '2020-11-25', 37);
insert into my_order (id, date, customer_id) values (13, '2014-06-13', 50);
insert into my_order (id, date, customer_id) values (14, '2020-05-01', 26);
insert into my_order (id, date, customer_id) values (15, '2020-07-15', 17);
insert into my_order (id, date, customer_id) values (16, '2020-10-26', 17);
insert into my_order (id, date, customer_id) values (17, '2021-08-15', 9);
insert into my_order (id, date, customer_id) values (18, '2020-04-19', 33);
insert into my_order (id, date, customer_id) values (19, '2020-09-12', 46);
insert into my_order (id, date, customer_id) values (20, '2020-07-15', 39);
insert into my_order (id, date, customer_id) values (21, '2020-07-31', 29);
insert into my_order (id, date, customer_id) values (22, '2020-04-21', 13);
insert into my_order (id, date, customer_id) values (23, '2020-11-23', 31);
insert into my_order (id, date, customer_id) values (24, '2020-03-25', 7);
insert into my_order (id, date, customer_id) values (25, '2020-11-29', 22);
insert into my_order (id, date, customer_id) values (26, '2020-07-19', 50);
insert into my_order (id, date, customer_id) values (27, '2020-07-25', 49);
insert into my_order (id, date, customer_id) values (28, '2018-10-04', 32);
insert into my_order (id, date, customer_id) values (29, '2020-11-02', 47);
insert into my_order (id, date, customer_id) values (30, '2020-08-30', 37);
insert into my_order (id, date, customer_id) values (31, '2020-08-27', 49);
insert into my_order (id, date, customer_id) values (32, '2020-04-07', 37);
insert into my_order (id, date, customer_id) values (33, '2016-10-04', 28);
insert into my_order (id, date, customer_id) values (34, '2020-07-30', 39);
insert into my_order (id, date, customer_id) values (35, '2020-07-05', 4);
insert into my_order (id, date, customer_id) values (36, '2020-05-22', 13);
insert into my_order (id, date, customer_id) values (37, '2020-04-25', 27);
insert into my_order (id, date, customer_id) values (38, '2020-11-29', 32);
insert into my_order (id, date, customer_id) values (39, '2020-10-08', 16);
insert into my_order (id, date, customer_id) values (40, '2021-01-16', 16);
insert into my_order (id, date, customer_id) values (41, '2015-09-17', 45);
insert into my_order (id, date, customer_id) values (42, '2020-11-29', 43);
insert into my_order (id, date, customer_id) values (43, '2020-11-06', 3);
insert into my_order (id, date, customer_id) values (44, '2020-06-02', 49);
insert into my_order (id, date, customer_id) values (45, '2020-11-01', 17);
insert into my_order (id, date, customer_id) values (46, '2020-07-25', 47);
insert into my_order (id, date, customer_id) values (47, '2021-01-13', 16);
insert into my_order (id, date, customer_id) values (48, '2020-02-24', 16);
insert into my_order (id, date, customer_id) values (49, '2020-12-13', 11);
insert into my_order (id, date, customer_id) values (50, '2020-04-28', 22);
insert into my_order (id, date, customer_id) values (55, '2020-07-21', 2);

insert into invoice (id, order_id, amount, issued, due) values (1, 1, 97, '2020-02-22', '2020-05-20');
insert into invoice (id, order_id, amount, issued, due) values (2, 2, 15, '2021-01-03', '2020-05-03');
insert into invoice (id, order_id, amount, issued, due) values (3, 3, 90, '2020-07-31', '2020-03-16');
insert into invoice (id, order_id, amount, issued, due) values (4, 4, 63, '2021-02-04', '2020-05-29');
insert into invoice (id, order_id, amount, issued, due) values (5, 5, 81, '2020-06-05', '2020-08-30');
insert into invoice (id, order_id, amount, issued, due) values (6, 6, 16, '2021-02-02', '2020-03-04');
insert into invoice (id, order_id, amount, issued, due) values (7, 7, 47, '2021-02-06', '2020-07-01');
insert into invoice (id, order_id, amount, issued, due) values (8, 8, 51, '2021-02-12', '2020-11-01');
insert into invoice (id, order_id, amount, issued, due) values (9, 9, 70, '2021-01-10', '2021-01-02');
insert into invoice (id, order_id, amount, issued, due) values (10, 10, 23, '2020-04-02', '2020-08-11');
insert into invoice (id, order_id, amount, issued, due) values (11, 11, 29, '2021-01-22', '2021-02-06');
insert into invoice (id, order_id, amount, issued, due) values (12, 12, 59, '2020-11-29', '2020-11-25');
insert into invoice (id, order_id, amount, issued, due) values (13, 13, 42, '2020-10-18', '2020-11-02');
insert into invoice (id, order_id, amount, issued, due) values (14, 14, 38, '2020-10-02', '2020-06-05');
insert into invoice (id, order_id, amount, issued, due) values (15, 15, 92, '2020-12-23', '2020-03-06');
insert into invoice (id, order_id, amount, issued, due) values (16, 16, 78, '2020-08-20', '2020-05-09');
insert into invoice (id, order_id, amount, issued, due) values (17, 17, 95, '2020-05-10', '2020-12-08');
insert into invoice (id, order_id, amount, issued, due) values (18, 18, 35, '2021-01-14', '2020-08-25');
insert into invoice (id, order_id, amount, issued, due) values (19, 19, 56, '2020-05-16', '2020-05-30');
insert into invoice (id, order_id, amount, issued, due) values (20, 20, 52, '2020-06-03', '2021-01-17');
insert into invoice (id, order_id, amount, issued, due) values (21, 21, 79, '2020-04-23', '2020-05-27');
insert into invoice (id, order_id, amount, issued, due) values (22, 22, 33, '2020-12-14', '2020-04-17');
insert into invoice (id, order_id, amount, issued, due) values (23, 23, 72, '2020-07-05', '2020-04-23');
insert into invoice (id, order_id, amount, issued, due) values (24, 24, 80, '2020-08-01', '2020-05-09');
insert into invoice (id, order_id, amount, issued, due) values (25, 25, 99, '2020-03-02', '2020-10-23');
insert into invoice (id, order_id, amount, issued, due) values (26, 26, 80, '2020-03-20', '2021-01-04');
insert into invoice (id, order_id, amount, issued, due) values (27, 27, 24, '2020-12-01', '2020-10-11');
insert into invoice (id, order_id, amount, issued, due) values (28, 28, 86, '2020-05-08', '2020-12-03');
insert into invoice (id, order_id, amount, issued, due) values (29, 29, 83, '2020-12-14', '2020-06-27');
insert into invoice (id, order_id, amount, issued, due) values (30, 30, 72, '2020-11-23', '2020-05-31');
insert into invoice (id, order_id, amount, issued, due) values (31, 31, 60, '2020-10-15', '2020-02-23');
insert into invoice (id, order_id, amount, issued, due) values (32, 32, 88, '2020-10-15', '2020-06-09');
insert into invoice (id, order_id, amount, issued, due) values (33, 33, 36, '2020-03-06', '2020-09-09');
insert into invoice (id, order_id, amount, issued, due) values (34, 34, 65, '2020-05-10', '2020-09-22');
insert into invoice (id, order_id, amount, issued, due) values (35, 35, 78, '2020-12-17', '2020-10-29');
insert into invoice (id, order_id, amount, issued, due) values (36, 36, 70, '2021-02-17', '2020-07-23');
insert into invoice (id, order_id, amount, issued, due) values (37, 37, 45, '2020-04-26', '2020-06-05');
insert into invoice (id, order_id, amount, issued, due) values (38, 38, 40, '2020-07-30', '2020-10-09');
insert into invoice (id, order_id, amount, issued, due) values (39, 39, 76, '2021-01-25', '2021-02-16');
insert into invoice (id, order_id, amount, issued, due) values (40, 40, 33, '2020-09-29', '2020-11-14');
insert into invoice (id, order_id, amount, issued, due) values (41, 41, 73, '2020-03-22', '2020-06-03');
insert into invoice (id, order_id, amount, issued, due) values (42, 42, 11, '2020-08-09', '2020-04-15');
insert into invoice (id, order_id, amount, issued, due) values (43, 43, 79, '2020-05-20', '2020-09-27');
insert into invoice (id, order_id, amount, issued, due) values (44, 44, 91, '2020-04-04', '2020-06-17');
insert into invoice (id, order_id, amount, issued, due) values (45, 45, 35, '2020-06-15', '2020-02-29');
insert into invoice (id, order_id, amount, issued, due) values (46, 46, 58, '2020-06-23', '2020-12-03');
insert into invoice (id, order_id, amount, issued, due) values (47, 47, 59, '2021-01-20', '2020-03-04');
insert into invoice (id, order_id, amount, issued, due) values (48, 48, 83, '2020-08-03', '2020-11-27');
insert into invoice (id, order_id, amount, issued, due) values (49, 49, 85, '2020-08-20', '2020-06-01');
insert into invoice (id, order_id, amount, issued, due) values (50, 50, 11, '2020-12-27', '2020-04-21');

insert into payment (id, amount, time, invoice_id) values (1, 72, '2020-09-10', 30);
insert into payment (id, amount, time, invoice_id) values (2, 61, '2020-08-05', 30);
insert into payment (id, amount, time, invoice_id) values (3, 43, '2021-01-21', 4);
insert into payment (id, amount, time, invoice_id) values (4, 38, '2020-10-03', 37);
insert into payment (id, amount, time, invoice_id) values (5, 64, '2020-03-14', 23);
insert into payment (id, amount, time, invoice_id) values (6, 21, '2020-10-08', 47);
insert into payment (id, amount, time, invoice_id) values (7, 28, '2020-07-18', 40);
insert into payment (id, amount, time, invoice_id) values (8, 58, '2020-07-04', 10);
insert into payment (id, amount, time, invoice_id) values (9, 15, '2020-05-15', 26);
insert into payment (id, amount, time, invoice_id) values (10, 77, '2020-04-05', 14);
insert into payment (id, amount, time, invoice_id) values (11, 79, '2020-12-13', 33);
insert into payment (id, amount, time, invoice_id) values (12, 73, '2020-03-23', 14);
insert into payment (id, amount, time, invoice_id) values (13, 30, '2020-11-23', 4);
insert into payment (id, amount, time, invoice_id) values (14, 51, '2020-05-25', 50);
insert into payment (id, amount, time, invoice_id) values (15, 43, '2020-03-03', 36);
insert into payment (id, amount, time, invoice_id) values (16, 18, '2020-10-20', 45);
insert into payment (id, amount, time, invoice_id) values (17, 94, '2020-12-26', 39);
insert into payment (id, amount, time, invoice_id) values (18, 82, '2020-10-22', 2);
insert into payment (id, amount, time, invoice_id) values (19, 86, '2020-09-20', 34);
insert into payment (id, amount, time, invoice_id) values (20, 74, '2020-12-27', 12);
insert into payment (id, amount, time, invoice_id) values (21, 69, '2020-03-12', 3);
insert into payment (id, amount, time, invoice_id) values (22, 16, '2020-12-13', 42);
insert into payment (id, amount, time, invoice_id) values (23, 19, '2020-12-29', 47);
insert into payment (id, amount, time, invoice_id) values (24, 18, '2020-03-04', 13);
insert into payment (id, amount, time, invoice_id) values (25, 22, '2020-06-11', 11);
insert into payment (id, amount, time, invoice_id) values (26, 92, '2020-12-07', 38);
insert into payment (id, amount, time, invoice_id) values (27, 61, '2020-05-20', 45);
insert into payment (id, amount, time, invoice_id) values (28, 19, '2020-06-01', 39);
insert into payment (id, amount, time, invoice_id) values (29, 49, '2021-02-03', 20);
insert into payment (id, amount, time, invoice_id) values (30, 75, '2020-12-11', 14);
insert into payment (id, amount, time, invoice_id) values (31, 53, '2020-12-02', 43);
insert into payment (id, amount, time, invoice_id) values (32, 61, '2021-01-13', 31);
insert into payment (id, amount, time, invoice_id) values (33, 68, '2020-11-12', 38);
insert into payment (id, amount, time, invoice_id) values (34, 51, '2020-12-02', 42);
insert into payment (id, amount, time, invoice_id) values (35, 57, '2021-02-17', 42);
insert into payment (id, amount, time, invoice_id) values (36, 96, '2020-03-08', 46);
insert into payment (id, amount, time, invoice_id) values (37, 83, '2020-10-29', 11);
insert into payment (id, amount, time, invoice_id) values (38, 97, '2020-09-04', 30);
insert into payment (id, amount, time, invoice_id) values (39, 85, '2020-10-19', 49);
insert into payment (id, amount, time, invoice_id) values (40, 85, '2020-04-12', 42);
insert into payment (id, amount, time, invoice_id) values (41, 43, '2020-04-06', 14);
insert into payment (id, amount, time, invoice_id) values (42, 65, '2021-01-07', 26);
insert into payment (id, amount, time, invoice_id) values (43, 82, '2020-11-04', 3);
insert into payment (id, amount, time, invoice_id) values (44, 28, '2020-02-27', 27);
insert into payment (id, amount, time, invoice_id) values (45, 41, '2020-05-16', 30);
insert into payment (id, amount, time, invoice_id) values (46, 40, '2020-08-19', 24);
insert into payment (id, amount, time, invoice_id) values (47, 81, '2020-10-13', 11);
insert into payment (id, amount, time, invoice_id) values (48, 13, '2020-10-14', 38);
insert into payment (id, amount, time, invoice_id) values (49, 26, '2020-04-18', 37);
insert into payment (id, amount, time, invoice_id) values (50, 43, '2020-09-13', 45);

insert into category (id, name) values (1, 'Tools');
insert into category (id, name) values (2, 'Baby');
insert into category (id, name) values (3, 'Automotive');
insert into category (id, name) values (4, 'Grocery');
insert into category (id, name) values (5, 'Industrial');
insert into category (id, name) values (6, 'Music');
insert into category (id, name) values (7, 'Grocery');
insert into category (id, name) values (8, 'Toys');
insert into category (id, name) values (9, 'Shoes');
insert into category (id, name) values (10, 'Computers');
insert into category (id, name) values (11, 'Shoes');
insert into category (id, name) values (12, 'Books');
insert into category (id, name) values (13, 'Movies');
insert into category (id, name) values (14, 'Electronics');
insert into category (id, name) values (15, 'Music');
insert into category (id, name) values (16, 'Books');
insert into category (id, name) values (17, 'Electronics');
insert into category (id, name) values (18, 'Movies');
insert into category (id, name) values (19, 'Garden');
insert into category (id, name) values (20, 'Music');
insert into category (id, name) values (21, 'Music');
insert into category (id, name) values (22, 'Music');
insert into category (id, name) values (23, 'Beauty');
insert into category (id, name) values (24, 'Industrial');
insert into category (id, name) values (25, 'Jewelery');
insert into category (id, name) values (26, 'Shoes');
insert into category (id, name) values (27, 'Computers');
insert into category (id, name) values (28, 'Music');
insert into category (id, name) values (29, 'Games');
insert into category (id, name) values (30, 'Health');
insert into category (id, name) values (31, 'Books');
insert into category (id, name) values (32, 'Industrial');
insert into category (id, name) values (33, 'Outdoors');
insert into category (id, name) values (34, 'Electronics');
insert into category (id, name) values (35, 'Tools');
insert into category (id, name) values (36, 'Beauty');
insert into category (id, name) values (37, 'Kids');
insert into category (id, name) values (38, 'Kids');
insert into category (id, name) values (39, 'Garden');
insert into category (id, name) values (40, 'Movies');
insert into category (id, name) values (41, 'Sports');
insert into category (id, name) values (42, 'Beauty');
insert into category (id, name) values (43, 'Computers');
insert into category (id, name) values (44, 'Outdoors');
insert into category (id, name) values (45, 'Automotive');
insert into category (id, name) values (46, 'Baby');
insert into category (id, name) values (47, 'Shoes');
insert into category (id, name) values (48, 'Baby');
insert into category (id, name) values (49, 'Beauty');
insert into category (id, name) values (50, 'Electronics');

insert into product (id, name, category_id, description, price, photo) values (1, 'Pear - Packum', 23, 'Proin risus.', 187.8, 'http://dummyimage.com/250x250.png/dddddd/000000');
insert into product (id, name, category_id, description, price, photo) values (2, 'Appetizer - Southwestern', 27, 'Phasellus sit amet erat.', 190.9, 'http://dummyimage.com/250x250.bmp/ff4444/ffffff');
insert into product (id, name, category_id, description, price, photo) values (3, 'Table Cloth 54x54 White', 44, 'Morbi vel lectus in quam fringilla rhoncus. Mauris enim leo, rhoncus sed, vestibulum sit amet, cursus id, turpis.', 107.9, 'http://dummyimage.com/250x250.jpg/5fa2dd/ffffff');
insert into product (id, name, category_id, description, price, photo) values (4, 'Flax Seed', 16, 'Donec dapibus. Duis at velit eu est congue elementum.', 76.0, 'http://dummyimage.com/250x250.jpg/5fa2dd/ffffff');
insert into product (id, name, category_id, description, price, photo) values (5, 'Cheese - Romano, Grated', 11, 'Etiam vel augue.', 188.2, 'http://dummyimage.com/250x250.bmp/cc0000/ffffff');
insert into product (id, name, category_id, description, price, photo) values (6, 'Flour - Corn, Fine', 26, 'Quisque id justo sit amet sapien dignissim vestibulum. Vestibulum ante ipsum primis in faucibus orci luctus et ultrices posuere cubilia Curae; Nulla dapibus dolor vel est.', 28.6, 'http://dummyimage.com/250x250.png/cc0000/ffffff');
insert into product (id, name, category_id, description, price, photo) values (7, 'Grapes - Black', 43, 'Donec ut dolor. Morbi vel lectus in quam fringilla rhoncus. Mauris enim leo, rhoncus sed, vestibulum sit amet, cursus id, turpis.', 33.5, 'http://dummyimage.com/250x250.jpg/ff4444/ffffff');
insert into product (id, name, category_id, description, price, photo) values (8, 'Sea Bass - Whole', 17, 'Nulla ut erat id mauris vulputate elementum. Nullam varius.', 156.1, 'http://dummyimage.com/250x250.png/cc0000/ffffff');
insert into product (id, name, category_id, description, price, photo) values (9, 'Pasta - Rotini, Colour, Dry', 27, 'Aenean fermentum. Donec ut mauris eget massa tempor convallis.', 123.8, 'http://dummyimage.com/250x250.jpg/dddddd/000000');
insert into product (id, name, category_id, description, price, photo) values (10, 'Ice Cream Bar - Hageen Daz To', 33, 'Nulla tempus.', 194.6, 'http://dummyimage.com/250x250.jpg/ff4444/ffffff');
insert into product (id, name, category_id, description, price, photo) values (11, 'Pecan Raisin - Tarts', 40, 'Curabitur gravida nisi at nibh. In hac habitasse platea dictumst.', 75.7, 'http://dummyimage.com/250x250.jpg/5fa2dd/ffffff');
insert into product (id, name, category_id, description, price, photo) values (12, 'Pastry - Choclate Baked', 20, 'Morbi porttitor lorem id ligula. Suspendisse ornare consequat lectus.', 103.5, 'http://dummyimage.com/250x250.jpg/dddddd/000000');
insert into product (id, name, category_id, description, price, photo) values (13, 'Sea Urchin', 49, 'Nullam orci pede, venenatis non, sodales sed, tincidunt eu, felis. Fusce posuere felis sed lacus. Morbi sem mauris, laoreet ut, rhoncus aliquet, pulvinar sed, nisl.', 21.6, 'http://dummyimage.com/250x250.bmp/dddddd/000000');
insert into product (id, name, category_id, description, price, photo) values (14, 'Broom Handle', 46, 'Nunc rhoncus dui vel sem. Sed sagittis.', 51.1, 'http://dummyimage.com/250x250.png/cc0000/ffffff');
insert into product (id, name, category_id, description, price, photo) values (15, 'Cafe Royale', 18, 'Donec ut dolor.', 161.6, 'http://dummyimage.com/250x250.jpg/5fa2dd/ffffff');
insert into product (id, name, category_id, description, price, photo) values (16, 'Beef - Eye Of Round', 49, 'Nulla facilisi. Cras non velit nec nisi vulputate nonummy. Maecenas tincidunt lacus at velit.', 139.8, 'http://dummyimage.com/250x250.jpg/5fa2dd/ffffff');
insert into product (id, name, category_id, description, price, photo) values (17, 'Sponge Cake Mix - Vanilla', 4, 'Proin interdum mauris non ligula pellentesque ultrices.', 131.6, 'http://dummyimage.com/250x250.bmp/ff4444/ffffff');
insert into product (id, name, category_id, description, price, photo) values (18, 'Dish Towel', 37, 'Quisque id justo sit amet sapien dignissim vestibulum.', 108.3, 'http://dummyimage.com/250x250.png/dddddd/000000');
insert into product (id, name, category_id, description, price, photo) values (19, 'Oregano - Fresh', 9, 'Quisque erat eros, viverra eget, congue eget, semper rutrum, nulla. Nunc purus.', 115.1, 'http://dummyimage.com/250x250.bmp/dddddd/000000');
insert into product (id, name, category_id, description, price, photo) values (20, 'Paper Cocktail Umberlla 80 - 180', 38, 'Nulla facilisi. Cras non velit nec nisi vulputate nonummy.', 53.3, 'http://dummyimage.com/250x250.jpg/dddddd/000000');
insert into product (id, name, category_id, description, price, photo) values (21, 'Wine - Sogrape Mateus Rose', 10, 'Suspendisse ornare consequat lectus. In est risus, auctor sed, tristique in, tempus sit amet, sem.', 68.1, 'http://dummyimage.com/250x250.bmp/5fa2dd/ffffff');
insert into product (id, name, category_id, description, price, photo) values (22, 'Lettuce - Spring Mix', 23, 'Nulla ac enim.', 96.2, 'http://dummyimage.com/250x250.jpg/ff4444/ffffff');
insert into product (id, name, category_id, description, price, photo) values (23, 'Lamb - Loin Chops', 14, 'Nulla suscipit ligula in lacus.', 146.4, 'http://dummyimage.com/250x250.bmp/ff4444/ffffff');
insert into product (id, name, category_id, description, price, photo) values (24, 'Jolt Cola - Electric Blue', 43, 'Vestibulum rutrum rutrum neque.', 31.7, 'http://dummyimage.com/250x250.bmp/ff4444/ffffff');
insert into product (id, name, category_id, description, price, photo) values (25, 'Mikes Hard Lemonade', 6, 'Praesent lectus. Vestibulum quam sapien, varius ut, blandit non, interdum in, ante.', 38.0, 'http://dummyimage.com/250x250.png/ff4444/ffffff');
insert into product (id, name, category_id, description, price, photo) values (26, 'Dc Hikiage Hira Huba', 49, 'Vivamus vel nulla eget eros elementum pellentesque. Quisque porta volutpat erat.', 116.1, 'http://dummyimage.com/250x250.png/cc0000/ffffff');
insert into product (id, name, category_id, description, price, photo) values (27, 'Soup - French Onion, Dry', 44, 'Duis mattis egestas metus.', 144.3, 'http://dummyimage.com/250x250.jpg/cc0000/ffffff');
insert into product (id, name, category_id, description, price, photo) values (28, 'Appetizer - Mushroom Tart', 50, 'Nullam varius.', 93.0, 'http://dummyimage.com/250x250.jpg/5fa2dd/ffffff');
insert into product (id, name, category_id, description, price, photo) values (29, 'Pork - Bacon, Sliced', 45, 'Vivamus in felis eu sapien cursus vestibulum. Proin eu mi.', 123.5, 'http://dummyimage.com/250x250.jpg/dddddd/000000');
insert into product (id, name, category_id, description, price, photo) values (30, 'Veal - Osso Bucco', 4, 'Maecenas rhoncus aliquam lacus. Morbi quis tortor id nulla ultrices aliquet. Maecenas leo odio, condimentum id, luctus nec, molestie sed, justo.', 90.1, 'http://dummyimage.com/250x250.bmp/ff4444/ffffff');
insert into product (id, name, category_id, description, price, photo) values (31, 'Cassis', 47, 'Sed accumsan felis.', 98.4, 'http://dummyimage.com/250x250.jpg/cc0000/ffffff');
insert into product (id, name, category_id, description, price, photo) values (32, 'Onions - Green', 44, 'Morbi porttitor lorem id ligula. Suspendisse ornare consequat lectus.', 139.4, 'http://dummyimage.com/250x250.png/ff4444/ffffff');
insert into product (id, name, category_id, description, price, photo) values (33, 'Ecolab Crystal Fusion', 29, 'Suspendisse potenti. In eleifend quam a odio. In hac habitasse platea dictumst.', 101.1, 'http://dummyimage.com/250x250.jpg/cc0000/ffffff');
insert into product (id, name, category_id, description, price, photo) values (34, 'Urban Zen Drinks', 3, 'Vivamus in felis eu sapien cursus vestibulum. Proin eu mi.', 88.8, 'http://dummyimage.com/250x250.png/cc0000/ffffff');
insert into product (id, name, category_id, description, price, photo) values (35, 'Nantucket Cranberry Juice', 2, 'Morbi porttitor lorem id ligula. Suspendisse ornare consequat lectus. In est risus, auctor sed, tristique in, tempus sit amet, sem.', 98.3, 'http://dummyimage.com/250x250.jpg/5fa2dd/ffffff');
insert into product (id, name, category_id, description, price, photo) values (36, 'Soup - Campbells, Minestrone', 39, 'Donec odio justo, sollicitudin ut, suscipit a, feugiat et, eros. Vestibulum ac est lacinia nisi venenatis tristique. Fusce congue, diam id ornare imperdiet, sapien urna pretium nisl, ut volutpat sapien arcu sed augue.', 156.3, 'http://dummyimage.com/250x250.png/5fa2dd/ffffff');
insert into product (id, name, category_id, description, price, photo) values (37, 'Kellogs All Bran Bars', 14, 'Maecenas tincidunt lacus at velit. Vivamus vel nulla eget eros elementum pellentesque.', 183.9, 'http://dummyimage.com/250x250.bmp/5fa2dd/ffffff');
insert into product (id, name, category_id, description, price, photo) values (38, 'Bacardi Limon', 46, 'In hac habitasse platea dictumst.', 90.2, 'http://dummyimage.com/250x250.png/5fa2dd/ffffff');
insert into product (id, name, category_id, description, price, photo) values (39, 'Roe - White Fish', 10, 'Morbi porttitor lorem id ligula. Suspendisse ornare consequat lectus. In est risus, auctor sed, tristique in, tempus sit amet, sem.', 26.8, 'http://dummyimage.com/250x250.png/5fa2dd/ffffff');
insert into product (id, name, category_id, description, price, photo) values (40, 'Onions - Vidalia', 23, 'Donec diam neque, vestibulum eget, vulputate ut, ultrices vel, augue. Vestibulum ante ipsum primis in faucibus orci luctus et ultrices posuere cubilia Curae; Donec pharetra, magna vestibulum aliquet ultrices, erat tortor sollicitudin mi, sit amet lobortis sapien sapien non mi.', 155.4, 'http://dummyimage.com/250x250.png/5fa2dd/ffffff');
insert into product (id, name, category_id, description, price, photo) values (41, 'Tart Shells - Sweet, 3', 5, 'Nam dui. Proin leo odio, porttitor id, consequat in, consequat ut, nulla. Sed accumsan felis.', 115.6, 'http://dummyimage.com/250x250.png/5fa2dd/ffffff');
insert into product (id, name, category_id, description, price, photo) values (42, 'Appetizer - Tarragon Chicken', 47, 'Suspendisse potenti. In eleifend quam a odio.', 77.1, 'http://dummyimage.com/250x250.bmp/cc0000/ffffff');
insert into product (id, name, category_id, description, price, photo) values (43, 'Beans - Butter Lrg Lima', 43, 'Vestibulum sed magna at nunc commodo placerat. Praesent blandit. Nam nulla.', 113.4, 'http://dummyimage.com/250x250.bmp/ff4444/ffffff');
insert into product (id, name, category_id, description, price, photo) values (44, 'Wine - Hardys Bankside Shiraz', 20, 'Etiam pretium iaculis justo. In hac habitasse platea dictumst. Etiam faucibus cursus urna.', 79.7, 'http://dummyimage.com/250x250.png/5fa2dd/ffffff');
insert into product (id, name, category_id, description, price, photo) values (45, 'Ocean Spray - Kiwi Strawberry', 37, 'Cras in purus eu magna vulputate luctus.', 139.8, 'http://dummyimage.com/250x250.jpg/ff4444/ffffff');
insert into product (id, name, category_id, description, price, photo) values (46, 'Foie Gras', 23, 'Morbi porttitor lorem id ligula.', 47.1, 'http://dummyimage.com/250x250.bmp/5fa2dd/ffffff');
insert into product (id, name, category_id, description, price, photo) values (47, 'Pasta - Orecchiette', 8, 'Phasellus in felis. Donec semper sapien a libero.', 111.8, 'http://dummyimage.com/250x250.bmp/dddddd/000000');
insert into product (id, name, category_id, description, price, photo) values (48, 'Soup - Campbellschix Stew', 42, 'Integer ac leo.', 136.4, 'http://dummyimage.com/250x250.bmp/5fa2dd/ffffff');
insert into product (id, name, category_id, description, price, photo) values (49, 'Mace', 42, 'Morbi quis tortor id nulla ultrices aliquet. Maecenas leo odio, condimentum id, luctus nec, molestie sed, justo.', 36.1, 'http://dummyimage.com/250x250.png/dddddd/000000');
insert into product (id, name, category_id, description, price, photo) values (50, 'Brandy Cherry - Mcguinness', 34, 'Fusce consequat. Nulla nisl.', 112.6, 'http://dummyimage.com/250x250.jpg/cc0000/ffffff');

insert into detail (id, order_id, product_id, quantity) values (1, 43, 19, 14);
insert into detail (id, order_id, product_id, quantity) values (2, 50, 19, 18);
insert into detail (id, order_id, product_id, quantity) values (3, 3, 45, 7);
insert into detail (id, order_id, product_id, quantity) values (4, 24, 25, 8);
insert into detail (id, order_id, product_id, quantity) values (5, 37, 49, 13);
insert into detail (id, order_id, product_id, quantity) values (6, 7, 38, 16);
insert into detail (id, order_id, product_id, quantity) values (7, 20, 12, 2);
insert into detail (id, order_id, product_id, quantity) values (8, 32, 20, 9);
insert into detail (id, order_id, product_id, quantity) values (9, 45, 23, 6);
insert into detail (id, order_id, product_id, quantity) values (10, 16, 19, 2);
insert into detail (id, order_id, product_id, quantity) values (11, 31, 5, 2);
insert into detail (id, order_id, product_id, quantity) values (12, 23, 17, 14);
insert into detail (id, order_id, product_id, quantity) values (13, 40, 5, 8);
insert into detail (id, order_id, product_id, quantity) values (14, 44, 42, 7);
insert into detail (id, order_id, product_id, quantity) values (15, 12, 26, 3);
insert into detail (id, order_id, product_id, quantity) values (16, 18, 44, 16);
insert into detail (id, order_id, product_id, quantity) values (17, 36, 26, 18);
insert into detail (id, order_id, product_id, quantity) values (18, 6, 44, 14);
insert into detail (id, order_id, product_id, quantity) values (19, 9, 5, 8);
insert into detail (id, order_id, product_id, quantity) values (20, 18, 35, 3);
insert into detail (id, order_id, product_id, quantity) values (21, 2, 1, 10);
insert into detail (id, order_id, product_id, quantity) values (22, 38, 33, 20);
insert into detail (id, order_id, product_id, quantity) values (23, 24, 15, 17);
insert into detail (id, order_id, product_id, quantity) values (24, 27, 10, 5);
insert into detail (id, order_id, product_id, quantity) values (25, 42, 31, 1);
insert into detail (id, order_id, product_id, quantity) values (26, 20, 9, 17);
insert into detail (id, order_id, product_id, quantity) values (27, 34, 4, 9);
insert into detail (id, order_id, product_id, quantity) values (28, 45, 12, 3);
insert into detail (id, order_id, product_id, quantity) values (29, 32, 21, 10);
insert into detail (id, order_id, product_id, quantity) values (30, 7, 32, 1);
insert into detail (id, order_id, product_id, quantity) values (31, 21, 1, 9);
insert into detail (id, order_id, product_id, quantity) values (32, 26, 34, 12);
insert into detail (id, order_id, product_id, quantity) values (33, 12, 29, 16);
insert into detail (id, order_id, product_id, quantity) values (34, 13, 17, 6);
insert into detail (id, order_id, product_id, quantity) values (35, 31, 27, 14);
insert into detail (id, order_id, product_id, quantity) values (36, 23, 38, 18);
insert into detail (id, order_id, product_id, quantity) values (37, 11, 43, 14);
insert into detail (id, order_id, product_id, quantity) values (38, 17, 25, 3);
insert into detail (id, order_id, product_id, quantity) values (39, 7, 47, 15);
insert into detail (id, order_id, product_id, quantity) values (40, 1, 21, 18);
insert into detail (id, order_id, product_id, quantity) values (41, 25, 24, 19);
insert into detail (id, order_id, product_id, quantity) values (42, 12, 28, 1);
insert into detail (id, order_id, product_id, quantity) values (43, null, 8, 19);
insert into detail (id, order_id, product_id, quantity) values (44, 5, 27, 20);
insert into detail (id, order_id, product_id, quantity) values (45, 27, 18, 1);
insert into detail (id, order_id, product_id, quantity) values (46, 20, 44, 3);
insert into detail (id, order_id, product_id, quantity) values (47, 36, 13, 12);
insert into detail (id, order_id, product_id, quantity) values (48, 7, 11, 6);
insert into detail (id, order_id, product_id, quantity) values (49, 29, 48, 11);
insert into detail (id, order_id, product_id, quantity) values (50, 29, 29, 14);